datetime,total_demand
2014-12-23T16:00:00,249660.4802730314
2014-12-23T17:00:00,263643.49291764875
2014-12-23T18:00:00,275599.1577658814
2014-12-23T19:00:00,270138.03690369934
2014-12-23T20:00:00,260921.95409148236
2014-12-23T21:00:00,249680.1774728892
2014-12-23T22:00:00,229012.83731868013
2014-12-23T23:00:00,189202.5056265146
2014-12-24T00:00:00,154978.39396928696
2014-12-24T01:00:00,121405.24865477218
2014-12-24T02:00:00,115591.15305738251
2014-12-24T03:00:00,112719.4949389776
2014-12-24T04:00:00,110949.71646972893
2014-12-24T05:00:00,115232.22238724728
2014-12-24T06:00:00,130534.0590375834
2014-12-24T07:00:00,147554.8948597858
2014-12-24T08:00:00,159879.67343324795
2014-12-24T09:00:00,200239.76524618507
2014-12-24T10:00:00,225925.8783939013
2014-12-24T11:00:00,233939.4085628271
2014-12-24T12:00:00,239289.1954378413
2014-12-24T13:00:00,234064.90249194595
2014-12-24T14:00:00,235667.79926613157
2014-12-24T15:00:00,236063.71686054007
2014-12-24T16:00:00,234096.27939276712
2014-12-24T17:00:00,239367.69547239557
2014-12-24T18:00:00,235764.21507404925
2014-12-24T19:00:00,204783.3973080485
2014-12-24T20:00:00,179033.93069110432
2014-12-24T21:00:00,168334.1677075639
2014-12-24T22:00:00,157742.35992056312
2014-12-24T23:00:00,135369.60517535103
2014-12-25T00:00:00,106212.05471387388
2014-12-25T01:00:00,92312.11740405735
2014-12-25T02:00:00,90269.6774020255
2014-12-25T03:00:00,89632.80802853676
2014-12-25T04:00:00,90493.24174908311
2014-12-25T05:00:00,88052.65049457984
2014-12-25T06:00:00,88237.6037234931
2014-12-25T07:00:00,88981.3949715835
2014-12-25T08:00:00,93557.13856411572
2014-12-25T09:00:00,103113.47682413168
2014-12-25T10:00:00,111272.0632923024
2014-12-25T11:00:00,117621.6971401805
2014-12-25T12:00:00,121613.2642357731
2014-12-25T13:00:00,121947.19008445684
2014-12-25T14:00:00,121337.02401167872
2014-12-25T15:00:00,122257.34997473114
2014-12-25T16:00:00,121784.269017722
2014-12-25T17:00:00,128449.54815322607
2014-12-25T18:00:00,137499.14282637814
2014-12-25T19:00:00,137087.91114144406
2014-12-25T20:00:00,134057.95115654662
2014-12-25T21:00:00,131746.94999797913
2014-12-25T22:00:00,126484.76225068342
2014-12-25T23:00:00,113264.73087556411
2014-12-26T00:00:00,124479.85548384293
2014-12-26T01:00:00,110907.91183625197
2014-12-26T02:00:00,106466.1607580202
2014-12-26T03:00:00,106513.33836962632
2014-12-26T04:00:00,108913.07373533944
2014-12-26T05:00:00,111944.87560233907
2014-12-26T06:00:00,128816.8873570718
2014-12-26T07:00:00,147020.72494305242
2014-12-26T08:00:00,161395.22157085082
2014-12-26T09:00:00,199688.58579407464
2014-12-26T10:00:00,225011.0957801359
2014-12-26T11:00:00,242545.6259572295
2014-12-26T12:00:00,240741.16879637065
2014-12-26T13:00:00,235022.24014602567
2014-12-26T14:00:00,234385.0255887374
2014-12-26T15:00:00,240438.8125368548
2014-12-26T16:00:00,245145.52010986643
2014-12-26T17:00:00,257658.3063530916
2014-12-26T18:00:00,266676.0243008328
2014-12-26T19:00:00,261808.9028392416
2014-12-26T20:00:00,256844.88568590945
2014-12-26T21:00:00,246447.3716865498
2014-12-26T22:00:00,228045.8599843252
2014-12-26T23:00:00,191806.00433077107
2014-12-27T00:00:00,158372.7645083619
2014-12-27T01:00:00,131493.42377060148
2014-12-27T02:00:00,122663.45948817526
2014-12-27T03:00:00,118093.58658134384
2014-12-27T04:00:00,116242.16159822926
2014-12-27T05:00:00,115476.89098547092
2014-12-27T06:00:00,135167.12278263137
2014-12-27T07:00:00,147261.05913479053
2014-12-27T08:00:00,160107.60584581783
2014-12-27T09:00:00,204179.77286553933
2014-12-27T10:00:00,229747.7078074622
2014-12-27T11:00:00,231040.83443574613
2014-12-27T12:00:00,236963.0031377265
2014-12-27T13:00:00,232393.4729561509
2014-12-27T14:00:00,233625.67443215035
2014-12-27T15:00:00,249411.94800261172
2014-12-27T16:00:00,246363.0191008272
2014-12-27T17:00:00,255988.93924414995
2014-12-27T18:00:00,264603.88849898835
2014-12-27T19:00:00,259903.9845204238
2014-12-27T20:00:00,252414.1334921129
2014-12-27T21:00:00,247188.06844092775
2014-12-27T22:00:00,222274.33074356103
2014-12-27T23:00:00,184830.8355877844
2014-12-28T00:00:00,156231.8615374901
2014-12-28T01:00:00,131714.50408506935
2014-12-28T02:00:00,125570.91042471403
2014-12-28T03:00:00,121362.44076398344
2014-12-28T04:00:00,117357.81716309291
2014-12-28T05:00:00,118256.4475813018
2014-12-28T06:00:00,135102.30546166952
2014-12-28T07:00:00,148567.1224586679
2014-12-28T08:00:00,154841.9074862537
2014-12-28T09:00:00,200801.20407855487
2014-12-28T10:00:00,227467.47198820455
2014-12-28T11:00:00,237286.84006657224
2014-12-28T12:00:00,240910.2297486961
2014-12-28T13:00:00,233975.95284983565
2014-12-28T14:00:00,237576.37941662013
2014-12-28T15:00:00,239574.07458185632
2014-12-28T16:00:00,243051.92689892277
2014-12-28T17:00:00,254770.9472180418
2014-12-28T18:00:00,259474.7618421384
2014-12-28T19:00:00,256802.94001853876
2014-12-28T20:00:00,248963.95613685533
2014-12-28T21:00:00,245659.56154373285
2014-12-28T22:00:00,218970.55213506613
2014-12-28T23:00:00,179732.64657307227
2014-12-29T00:00:00,148626.28167612787
2014-12-29T01:00:00,122256.62324191448
2014-12-29T02:00:00,120255.9223989133
2014-12-29T03:00:00,117243.6310208294
2014-12-29T04:00:00,118722.35995433408
2014-12-29T05:00:00,122011.34692924804
2014-12-29T06:00:00,136029.2941309352
2014-12-29T07:00:00,158030.31843228755
2014-12-29T08:00:00,166555.450976155
2014-12-29T09:00:00,206649.37565934865
2014-12-29T10:00:00,231112.4745398466
2014-12-29T11:00:00,239657.6273492326
2014-12-29T12:00:00,244994.8285031836
2014-12-29T13:00:00,242719.63963794825
2014-12-29T14:00:00,242386.87132385676
2014-12-29T15:00:00,244273.5179454818
2014-12-29T16:00:00,250108.77663419323
2014-12-29T17:00:00,263662.9002996352
2014-12-29T18:00:00,275115.0185434836
2014-12-29T19:00:00,268110.87129911955
2014-12-29T20:00:00,257596.13040694137
2014-12-29T21:00:00,244650.33858774495
2014-12-29T22:00:00,224012.02025122108
2014-12-29T23:00:00,186043.2260392131
2014-12-30T00:00:00,154781.46442199504
2014-12-30T01:00:00,128653.64356436583
2014-12-30T02:00:00,121711.75918162423
2014-12-30T03:00:00,120437.23026979197
2014-12-30T04:00:00,121310.68479441768
2014-12-30T05:00:00,121757.73349265412
2014-12-30T06:00:00,136973.41359817
2014-12-30T07:00:00,157693.6975063085
2014-12-30T08:00:00,176102.90331590618
2014-12-30T09:00:00,211623.98959476975
2014-12-30T10:00:00,234127.74461464208
2014-12-30T11:00:00,237717.4998569453
2014-12-30T12:00:00,244106.3442636613
2014-12-30T13:00:00,241495.899865892
2014-12-30T14:00:00,239829.4775582288
2014-12-30T15:00:00,243796.7839476136
2014-12-30T16:00:00,245755.40094346684
2014-12-30T17:00:00,255638.6269192613
2014-12-30T18:00:00,268819.80422876147
2014-12-30T19:00:00,265611.93094760017
2014-12-30T20:00:00,253028.30713754616
2014-12-30T21:00:00,244736.40092588312
2014-12-30T22:00:00,221843.64983150372
2014-12-30T23:00:00,183987.87968149848
2014-12-31T00:00:00,153153.6263254651
2014-12-31T01:00:00,125557.78347629978
2014-12-31T02:00:00,120068.6037718652
2014-12-31T03:00:00,117188.37904252917
2014-12-31T04:00:00,115676.94467710477
2014-12-31T05:00:00,120067.07026985014
2014-12-31T06:00:00,136327.94446277787
2014-12-31T07:00:00,152626.6342474579
2014-12-31T08:00:00,167987.05261348936
2014-12-31T09:00:00,210742.3827061433
2014-12-31T10:00:00,231134.984704242
2014-12-31T11:00:00,237002.30693061536
2014-12-31T12:00:00,238917.02137461797
2014-12-31T13:00:00,236289.9638980457
2014-12-31T14:00:00,236320.91803421103
2014-12-31T15:00:00,237544.99793706345
2014-12-31T16:00:00,232367.18078384903
2014-12-31T17:00:00,235987.57773679556
2014-12-31T18:00:00,236020.8172445064
2014-12-31T19:00:00,202877.31379886717
2014-12-31T20:00:00,166951.1924733941
2014-12-31T21:00:00,156247.44365166387
2014-12-31T22:00:00,145213.19611024787
2014-12-31T23:00:00,128488.0475472408
